Marybe SRL,,,,,,,,,,,,,,,,,,,,
Tucumán 20,,,,,,,,,,,,,,,,,,,,CTRL+R  Genera Revisar
290726 1017,,,,,,,,,,,,,,,,,,,,CTRL+N  Hoja Ofertas
,,,,,,,,,,,,,,,,,,,,CTRL+P  Copia Pedido
,, ,,,,,,,,,,,,,,,,,,
Codigo,Descripcion,Rubro,Proveedor,Publico,Oferta,,,,,,,,,,,,,,,
7509552922301,FRUCTIS ACONDICIONADOR ALOE HIDRA CLEAN X 200 ML,SHAMPOO-ACO-BC,LOREAL ARG.SA D.GARNIER,"5.490,00",,,,,,,,,,,,,,,,
7509552922295,FRUCTIS ACONDICIONADOR ALOE HIDRA CLEAN X350 ML,SHAMPOO-ACO-BC,LOREAL ARG.SA D.GARNIER,"7.990,00",,,,,,,,,,,,,,,,
7509552920864,FRUCTIS ACONDICIONADOR LISO COCO X200 ML,SHAMPOO-ACO-BC,LOREAL ARG.SA D.GARNIER,"5.490,00",,,,,,,,,,,,,,,,
7509552920871,FRUCTIS ACONDICIONADOR LISO COCO X350 ML,SHAMPOO-ACO-BC,LOREAL ARG.SA D.GARNIER,"7.990,00",,,,,,,,,,,,,,,,
7790033285446,FRUCTIS ACONDICIONADOR LISO COCO X650 ML,SHAMPOO-ACO-BC,LOREAL ARG.SA D.GARNIER,"11.990,00",,,,,,,,,,,,,,,,
7509552823912,FRUCTIS ACONDICIONADOR GOODBYE DAÑOS X200 ML,SHAMPOO-ACO-BC,LOREAL ARG.SA D.GARNIER,"5.490,00",,,,,,,,,,,,,,,,
7509552844405,FRUCTIS ACONDICIONADOR GOODBYE DAÑOS X350,SHAMPOO-ACO-BC,LOREAL ARG.SA D.GARNIER,"7.990,00",,,,,,,,,,,,,,,,
7509552890464,FRUCTIS ACONDICIONADOR HYDRA LISS X200 ML,SHAMPOO-ACO-BC,LOREAL ARG.SA D.GARNIER,"5.490,00",,,,,,,,,,,,,,,,
7509552876536,FRUCTIS ACONDICIONADOR HYDRA LISS X350 ML,SHAMPOO-ACO-BC,LOREAL ARG.SA D.GARNIER,"7.990,00",,,,,,,,,,,,,,,,
7790033342934,FRUCTIS ACONDICIONADOR GOODBYE DAÑOS OIL CONTROL X200 ML,SHAMPOO-ACO-BC,LOREAL ARG.SA D.GARNIER,"5.500,01",,,,,,,,,,,,,,,,
7790033342170,FRUCTIS ACONDICIONADOR GOODBYE DAÑOS OIL CONTROL X350 ML,SHAMPOO-ACO-BC,LOREAL ARG.SA D.GARNIER,"7.999,98",,,,,,,,,,,,,,,,
7509552964042,FRUCTIS ACONDICIONADOR PROBIOTICOS FUERZA X200 ML,SHAMPOO-ACO-BC,LOREAL ARG.SA D.GARNIER,"5.490,00",,,,,,,,,,,,,,,,
7509552964165,FRUCTIS ACONDICIONADOR PROBIOTICOS FUERZA X350 ML,SHAMPOO-ACO-BC,LOREAL ARG.SA D.GARNIER,"7.990,00",,,,,,,,,,,,,,,,
7509552922226,FRUCTIS ACONDICIONADOR RECARGA NUTRITIVA X200 ML,SHAMPOO-ACO-BC,LOREAL ARG.SA D.GARNIER,"5.490,00",,,,,,,,,,,,,,,,
7509552922233,FRUCTIS ACONDICIONADOR RECARGA NUTRITIVA X350 ML,SHAMPOO-ACO-BC,LOREAL ARG.SA D.GARNIER,"7.990,00",,,,,,,,,,,,,,,,
7509552922349,FRUCTIS ACONDICIONADOR RIZOS PODERSOS X200 ML,SHAMPOO-ACO-BC,LOREAL ARG.SA D.GARNIER,"5.490,00",,,,,,,,,,,,,,,,
7509552924657,FRUCTIS ACONDICIONADOR RIZOS PODERSOS X350 ML,SHAMPOO-ACO-BC,LOREAL ARG.SA D.GARNIER,"7.990,00",,,,,,,,,,,,,,,,
7509552874068,FRUCTIS ACONDICIONADOR HAIR FOOD SANDIA X300 ML,SHAMPOO-ACO-BC,LOREAL ARG.SA D.GARNIER,"11.190,00",,,,,,,,,,,,,,,,
7509552923179,FRUCTIS CREMA DE PEINAR ALOE HIDRA CLEAN X250 ML,SHAMPOO-ACO-BC,LOREAL ARG.SA D.GARNIER,"7.490,00",,,,,,,,,,,,,,,,
7509552844641,FRUCTIS CREMA DE PEINAR GOODBYE DAÑOS X250 ML,SHAMPOO-ACO-BC,LOREAL ARG.SA D.GARNIER,"7.490,00",,,,,,,,,,,,,,,,
7509552923162,FRUCTIS CREMA DE PEINAR LISO COCO X250 ML,SHAMPOO-ACO-BC,LOREAL ARG.SA D.GARNIER,"7.490,00",,,,,,,,,,,,,,,,
7509552924862,FRUCTIS CREMA DE PEINAR HYDRA LISS X250 ML,SHAMPOO-ACO-BC,LOREAL ARG.SA D.GARNIER,"7.490,02",,,,,,,,,,,,,,,,
7509552964264,FRUCTIS CREMA DE PEINAR PROBIOTICOS FUERZA  X250 ML,SHAMPOO-ACO-BC,LOREAL ARG.SA D.GARNIER,"7.490,00",,,,,,,,,,,,,,,,
7509552920949,FRUCTIS CREMA DE PEINAR RIZOS PODEROSOS X250 ML,SHAMPOO-ACO-BC,LOREAL ARG.SA D.GARNIER,"7.490,00",,,,,,,,,,,,,,,,
7509552830583,FRUCTIS SHAMPOO ALOE HIDRA CLEAN X650 ML,SHAMPOO-ACO-BC,LOREAL ARG.SA D.GARNIER,"11.800,01",,,,,,,,,,,,,,,,
7509552922325,FRUCTIS SHAMPOO ALOE HIDRA CLEAN X200 ML,SHAMPOO-ACO-BC,LOREAL ARG.SA D.GARNIER,"5.490,00",,,,,,,,,,,,,,,,
7509552922318,FRUCTIS SHAMPOO ALOE HIDRA CLEAN X350 ML,SHAMPOO-ACO-BC,LOREAL ARG.SA D.GARNIER,"7.990,00",,,,,,,,,,,,,,,,
7509552922332,FRUCTIS SHAMPOO LISO COCO X200 ML,SHAMPOO-ACO-BC,LOREAL ARG.SA D.GARNIER,"5.490,00",,,,,,,,,,,,,,,,
7509552920857,FRUCTIS SHAMPOO LISO COCO X350 ML,SHAMPOO-ACO-BC,LOREAL ARG.SA D.GARNIER,"7.990,00",,,,,,,,,,,,,,,,
7509552823868,FRUCTIS SHAMPOO GOODBYE DAÑOS X200 ML,SHAMPOO-ACO-BC,LOREAL ARG.SA D.GARNIER,"5.490,00",,,,,,,,,,,,,,,,
7509552823806,FRUCTIS SHAMPOO GOODBYE DAÑOS X350 ML,SHAMPOO-ACO-BC,LOREAL ARG.SA D.GARNIER,"7.990,00",,,,,,,,,,,,,,,,
7509552890969,FRUCTIS SHAMPOO HYDRA LISS X200 ML,SHAMPOO-ACO-BC,LOREAL ARG.SA D.GARNIER,"5.490,00",,,,,,,,,,,,,,,,
7509552876659,FRUCTIS SHAMPOO HYDRA LISS X350 ML,SHAMPOO-ACO-BC,LOREAL ARG.SA D.GARNIER,"7.990,00",,,,,,,,,,,,,,,,
7790033342927,FRUCTIS SHAMPOO GOODBYE DAÑOS OIL CONTROL X200 ML,SHAMPOO-ACO-BC,LOREAL ARG.SA D.GARNIER,"5.500,01",,,,,,,,,,,,,,,,
7790033342163,FRUCTIS SHAMPOO GOODBYE DAÑOS OIL CONTROL X350 ML,SHAMPOO-ACO-BC,LOREAL ARG.SA D.GARNIER,"7.999,98",,,,,,,,,,,,,,,,
7509552964035,FRUCTIS SHAMPOO PROBIOTICOS FUERZA X200 ML,SHAMPOO-ACO-BC,LOREAL ARG.SA D.GARNIER,"5.490,00",,,,,,,,,,,,,,,,
7509552963823,FRUCTIS SHAMPOO PROBIOTICOS FUERZA X350 ML,SHAMPOO-ACO-BC,LOREAL ARG.SA D.GARNIER,"7.990,00",,,,,,,,,,,,,,,,
7509552922288,FRUCTIS SHAMPOO RECARGA NUTRITIVA X200 ML,SHAMPOO-ACO-BC,LOREAL ARG.SA D.GARNIER,"5.490,00",,,,,,,,,,,,,,,,
7509552922271,FRUCTIS SHAMPOO RECARGA NUTRITIVA X350 ML,SHAMPOO-ACO-BC,LOREAL ARG.SA D.GARNIER,"7.990,00",,,,,,,,,,,,,,,,
7509552920925,FRUCTIS SHAMPOO RIZOS PODEROSOS X200 ML,SHAMPOO-ACO-BC,LOREAL ARG.SA D.GARNIER,"5.490,00",,,,,,,,,,,,,,,,
7509552874099,FRUCTIS ACONDICIONADOR HAIR FOOD AGUACATE X300 ML,SHAMPOO-ACO-BC,LOREAL ARG.SA D.GARNIER,"11.190,00",,,,,,,,,,,,,,,,
7509552877106,FRUCTIS ACONDICIONADOR HAIR FOOD ALOE X300 ML,SHAMPOO-ACO-BC,LOREAL ARG.SA D.GARNIER,"11.190,00",,,,,,,,,,,,,,,,
7509552940435,FRUCTIS ACONDICIONADOR HAIR FOOD ANANA X300 ML,SHAMPOO-ACO-BC,LOREAL ARG.SA D.GARNIER,"11.190,00",,,,,,,,,,,,,,,,
7509552874174,FRUCTIS ACONDICIONADOR HAIR FOOD BANANA X300 ML,SHAMPOO-ACO-BC,LOREAL ARG.SA D.GARNIER,"11.190,00",,,,,,,,,,,,,,,,
7509552874129,FRUCTIS ACONDICIONADOR HAIR FOOD COCO X300 ML,SHAMPOO-ACO-BC,LOREAL ARG.SA D.GARNIER,"11.190,00",,,,,,,,,,,,,,,,
7509552874105,FRUCTIS SHAMPOO HAIR FOOD AGUACATE X300 ML,SHAMPOO-ACO-BC,LOREAL ARG.SA D.GARNIER,"10.300,00",,,,,,,,,,,,,,,,
7509552874051,FRUCTIS TRATAMIENTO HAIR FOOD ALOE X 350 ML,SHAMPOO-ACO-BC,LOREAL ARG.SA D.GARNIER,"13.990,00",,,,,,,,,,,,,,,,
7509552940442,FRUCTIS TRATAMIENTO HAIR FOOD ANANA X350 ML,SHAMPOO-ACO-BC,LOREAL ARG.SA D.GARNIER,"13.990,00",,,,,,,,,,,,,,,,
7509552874020,FRUCTIS TRATAMIENTO HAIR FOOD BANANA X350 ML,SHAMPOO-ACO-BC,LOREAL ARG.SA D.GARNIER,"13.990,00",,,,,,,,,,,,,,,,
7509552874044,FRUCTIS TRATAMIENTO HAIR FOOD COCO X350 ML,SHAMPOO-ACO-BC,LOREAL ARG.SA D.GARNIER,"13.990,00",,,,,,,,,,,,,,,,
7509552874006,FRUCTIS TRATAMIENTO HAIR FOOD SANDIA X 350 ML,SHAMPOO-ACO-BC,LOREAL ARG.SA D.GARNIER,"13.990,00",,,,,,,,,,,,,,,,
7509552962604,FRUCTIS CREMA PARA PEINAR COLAGENO JELLY X300 ML,SHAMPOO-ACO-BC,LOREAL ARG.SA D.GARNIER,"12.999,99",,,,,,,,,,,,,,,,
3600541744523,GARNIER AGUA MICELAR CON OLEO COCO X400 ML,MAQUILLAJE,LOREAL ARG.SA D.GARNIER,"21.990,00",,,,,,,,,,,,,,,,
3600542081160,GARNIER AGUA MICELAR SKIN ACTIVE X100 ML,CREMAS DE TRATAMIENTO,LOREAL ARG.SA D.GARNIER,"10.490,00",,,,,,,,,,,,,,,,
3600542326414,GARNIER AGUA MICELAR AGUA DE ROSAS X400 ML,CREMAS DE TRATAMIENTO,LOREAL ARG.SA D.GARNIER,"21.990,00",,,,,,,,,,,,,,,,
7509552842319,GARNIER AGUA MICELAR CON VITAMINA C X400 ML,CREMAS DE TRATAMIENTO,LOREAL ARG.SA D.GARNIER,"21.990,00",,,,,,,,,,,,,,,,
7509552455557,GARNIER AGUA MICELAR SKIN ACTIVE X400 ML,CREMAS DE TRATAMIENTO,LOREAL ARG.SA D.GARNIER,"21.990,00","14.293,50",,,,,,,,,,,,,,,
3600542630689,GARNIER CREMA DE LIMPIEZA ANTIMANCHAS CON VITAMINA C X250 ML,CREMAS DE TRATAMIENTO,LOREAL ARG.SA D.GARNIER,"22.990,00","14.943,50",,,,,,,,,,,,,,,
7509552928341,GARNIER GEL HIDRATANTE FACIAL MATIFICANTE X50 G,CREMAS DE TRATAMIENTO,LOREAL ARG.SA D.GARNIER,"23.990,00","15.593,50",,,,,,,,,,,,,,,
7908966527520,GARNIER HIDRATANTE TOQUE SECO SALICILICO X85 G,CREMAS DE TRATAMIENTO,LOREAL ARG.SA D.GARNIER,"20.000,02",,,,,,,,,,,,,,,,
7908966527483,GARNIER HIDRATANTE TOQUE SECO COLAGENO X85 G,CREMAS DE TRATAMIENTO,LOREAL ARG.SA D.GARNIER,"20.000,00",,,,,,,,,,,,,,,,
7908966527445,GARNIER HIDRATANTE TOQUE SECO VITAMINA C X85 G,CREMAS DE TRATAMIENTO,LOREAL ARG.SA D.GARNIER,"20.000,02",,,,,,,,,,,,,,,,
3600542528122,GARNIER GEL LIMEPIZA FACIAL CON ACIDO SALICILICO X200 ML,CREMAS DE TRATAMIENTO,LOREAL ARG.SA D.GARNIER,"19.990,00",,,,,,,,,,,,,,,,
6923700979800,GARNIER MASCARILLA DE TELA NIACINAMIDA Y EXTRACTO DE KALE,CREMAS DE TRATAMIENTO,LOREAL ARG.SA D.GARNIER,"8.600,00",,,,,,,,,,,,,,,,
7509552656640,GARNIER MASCARILLA DE TELA PURE CARBON,CREMAS DE TRATAMIENTO,LOREAL ARG.SA D.GARNIER,"9.600,00",,,,,,,,,,,,,,,,
6923700990492,GARNIER MASCARILLA DE TELA PARA LABIOS HIDRATANTE,CREMAS DE TRATAMIENTO,LOREAL ARG.SA D.GARNIER,"7.600,00",,,,,,,,,,,,,,,,
6923700990508,GARNIER MASCARILLA DE TELA PARA LABIOS REPARADORA,CREMAS DE TRATAMIENTO,LOREAL ARG.SA D.GARNIER,"7.600,00",,,,,,,,,,,,,,,,
3600542631983,GARNIER GEL DE LIMPIEZA ANTIIMPERFECCIONES X250 ML,CREMAS DE TRATAMIENTO,LOREAL ARG.SA D.GARNIER,"22.990,00","14.943,50",,,,,,,,,,,,,,,
3600542641074,GARNIER PARCHE PARA GRANOS PLIMPLE PATCH X8 INVISIBLE,CREMAS DE TRATAMIENTO,LOREAL ARG.SA D.GARNIER,"24.990,00",,,,,,,,,,,,,,,,
7509552934526,GARNIER SERUM PROTECTOR SOLAR SUPER UV CON VITAMINA C FS50 X40 ML,CREMAS DE TRATAMIENTO,LOREAL ARG.SA D.GARNIER,"29.990,00","19.493,50",,,,,,,,,,,,,,,
7509552875461,GARNIER SERUM EXPRESS ACLARA CON ACIDO SALICILICO X30 ML,CREMAS DE TRATAMIENTO,LOREAL ARG.SA D.GARNIER,"37.990,00","24.693,50",,,,,,,,,,,,,,,
7509552992311,GARNIER SERUM LIMPIADOR VITAMINA C X100 ML,CREMAS DE TRATAMIENTO,LOREAL ARG.SA D.GARNIER,"19.000,03",,,,,,,,,,,,,,,,
7509552933765,GARNIER SERUM PROTECTOR SOLAR SUPER UV ANTI IMPERFECCIONES X40 ML,CREMAS DE TRATAMIENTO,LOREAL ARG.SA D.GARNIER,"29.990,00","19.493,50",,,,,,,,,,,,,,,
7509552949773,GARNIERPROTECTOR SOLAR SUPER UV ANTI MANCHAS TOQUE SECO X40 ML,CREMAS DE TRATAMIENTO,LOREAL ARG.SA D.GARNIER,"27.990,00","18.193,50",,,,,,,,,,,,,,,
7509552844047,GARNIER CREMA HIDRATANTE EXPRESS ACLARA CON VITAMINA C X50 ML,CREMAS DE TRATAMIENTO,LOREAL ARG.SA D.GARNIER,"23.990,00",,,,,,,,,,,,,,,,
7899706192019,GARNIER GEL DE LIMPIEZA CON VITAMINA C,CREMAS DE TRATAMIENTO,LOREAL ARG.SA D.GARNIER,"15.000,00",,,,,,,,,,,,,,,,
7509552933369,GARNIER CONTORNO DE OJOS CON VITAMINA C,CREMAS DE TRATAMIENTO,LOREAL ARG.SA D.GARNIER,"24.990,00",,,,,,,,,,,,,,,,
7899706194273,GARNIER GEL HIDRATANTE CON VITAMINA C,CREMAS DE TRATAMIENTO,LOREAL ARG.SA D.GARNIER,"23.990,00",,,,,,,,,,,,,,,,
7509552849493,GARNIER SERUM CON VITAMINA C,CREMAS DE TRATAMIENTO,LOREAL ARG.SA D.GARNIER,"37.990,00",,,,,,,,,,,,,,,,
3600542565943,GARNIER SERUM DE NOCHE CON VITAMINA C,CREMAS DE TRATAMIENTO,LOREAL ARG.SA D.GARNIER,"39.990,00",,,,,,,,,,,,,,,,
7509552923780,NUTRISSE COLORACION  20 GROSELLA NEGRA,TINTURAS-DECOLORACIÃ“N,LOREAL ARG.SA D.GARNIER,"16.490,00","11.543,00",,,,,,,,,,,,,,,
7509552923681,NUTRISSE COLORACION 20 U  NEGRO PROFUNDO,TINTURAS-DECOLORACIÃ“N,LOREAL ARG.SA D.GARNIER,"16.490,00","11.543,00",,,,,,,,,,,,,,,
7509552923797,NUTRISSE COLORACION 10 EBANO NEGRO,TINTURAS-DECOLORACIÃ“N,LOREAL ARG.SA D.GARNIER,"16.490,00","11.543,00",,,,,,,,,,,,,,,
7509552923704,NUTRISSE COLORACION 10.13 MARACUYA RUBIO ULTRA CLARO CENIZA DORADO,TINTURAS-DECOLORACIÃ“N,LOREAL ARG.SA D.GARNIER,"16.490,00","11.543,00",,,,,,,,,,,,,,,
7509552923698,NUTRISSE COLORACION 121 AZAHAR RUBIO EXTRA CLARO CENIZA,TINTURAS-DECOLORACIÃ“N,LOREAL ARG.SA D.GARNIER,"16.490,00","11.543,00",,,,,,,,,,,,,,,
7509552810998,NUTRISSE COLORACION 20 GROSELLA NEGRA,TINTURAS-DECOLORACIÃ“N,LOREAL ARG.SA D.GARNIER,"16.490,00","11.543,00",,,,,,,,,,,,,,,
7509552811544,NUTRISSE COLORACION 28 ARANDANO,TINTURAS-DECOLORACIÃ“N,LOREAL ARG.SA D.GARNIER,"16.490,00","11.543,00",,,,,,,,,,,,,,,
7509552923773,NUTRISSE COLORACION 28 ARANDANO,TINTURAS-DECOLORACIÃ“N,LOREAL ARG.SA D.GARNIER,"16.490,00","11.543,00",,,,,,,,,,,,,,,
7509552923766,NUTRISSE COLORACION 30 ESPRESSO CASTAÑO OSCURO,TINTURAS-DECOLORACIÃ“N,LOREAL ARG.SA D.GARNIER,"16.490,00","11.543,00",,,,,,,,,,,,,,,
7509552923674,NUTRISSE COLORACION 30 U CASTAÑO OSCURO PROFUNDO,TINTURAS-DECOLORACIÃ“N,LOREAL ARG.SA D.GARNIER,"16.490,00","11.543,00",,,,,,,,,,,,,,,
7509552923759,NUTRISSE COLORACION 40 CAFÉ CASTAÑO,TINTURAS-DECOLORACIÃ“N,LOREAL ARG.SA D.GARNIER,"16.490,00","11.543,00",,,,,,,,,,,,,,,
7509552810875,NUTRISSE COLORACION 45 TAMARINDO,TINTURAS-DECOLORACIÃ“N,LOREAL ARG.SA D.GARNIER,"16.490,00","11.543,00",,,,,,,,,,,,,,,
7509552923742,NUTRISSE COLORACION 45 TAMARINDO,TINTURAS-DECOLORACIÃ“N,LOREAL ARG.SA D.GARNIER,"16.490,00","11.543,00",,,,,,,,,,,,,,,
7509552923735,NUTRISSE COLORACION 46 BORGOÑA CASTAÑO ROJIZO,TINTURAS-DECOLORACIÃ“N,LOREAL ARG.SA D.GARNIER,"16.490,00","11.543,00",,,,,,,,,,,,,,,
7509552924121,NUTRISSE COLORACION 50 CASTAÑA CATAÑO CLARO,TINTURAS-DECOLORACIÃ“N,LOREAL ARG.SA D.GARNIER,"16.490,00","11.543,00",,,,,,,,,,,,,,,
7509552923667,NUTRISSE COLORACION 50 CASTAÑA CATAÑO CLARO,TINTURAS-DECOLORACIÃ“N,LOREAL ARG.SA D.GARNIER,"16.490,00","11.543,00",,,,,,,,,,,,,,,
7509552923995,NUTRISSE COLORACION 52 CHOCOLATISIMO,TINTURAS-DECOLORACIÃ“N,LOREAL ARG.SA D.GARNIER,"16.490,00","11.543,00",,,,,,,,,,,,,,,
7509552923988,NUTRISSE COLORACION 53 CAFÉ AMARETTO CASTAÑO CLARO DORADO,TINTURAS-DECOLORACIÃ“N,LOREAL ARG.SA D.GARNIER,"16.490,00","11.543,00",,,,,,,,,,,,,,,
7509552810905,NUTRISSE COLORACION 55 AVELLANA,TINTURAS-DECOLORACIÃ“N,LOREAL ARG.SA D.GARNIER,"16.490,00","11.543,00",,,,,,,,,,,,,,,
7509552923964,NUTRISSE COLORACION 57 AMBAR CASTAÑO CLARO DORADO CAOBA,TINTURAS-DECOLORACIÃ“N,LOREAL ARG.SA D.GARNIER,"16.490,00","11.543,00",,,,,,,,,,,,,,,
7509552923933,NUTRISSE COLORACION 60 CAPUCCINO RUBIO OSCURO,TINTURAS-DECOLORACIÃ“N,LOREAL ARG.SA D.GARNIER,"16.490,00","11.543,00",,,,,,,,,,,,,,,
7509552923650,NUTRISSE COLORACION 60 CAPUCCINO RUBIO OSCURO,TINTURAS-DECOLORACIÃ“N,LOREAL ARG.SA D.GARNIER,"16.500,00",,,,,,,,,,,,,,,,
7509552923926,NUTRISSE COLORACION 61 CENTENO RUBIO OSCURO CENIZA,TINTURAS-DECOLORACIÃ“N,LOREAL ARG.SA D.GARNIER,"16.490,00","11.543,00",,,,,,,,,,,,,,,
7509552923919,NUTRISSE COLORACION 63 CARAMELO RUBIO OSCURO DORADO,TINTURAS-DECOLORACIÃ“N,LOREAL ARG.SA D.GARNIER,"16.490,00","11.543,00",,,,,,,,,,,,,,,
7509552810981,NUTRISSE COLORACION 6646 COBRIZO RUBI,TINTURAS-DECOLORACIÃ“N,LOREAL ARG.SA D.GARNIER,"16.490,00","11.543,00",,,,,,,,,,,,,,,
7509552923728,NUTRISSE COLORACION 6646 COBRIZO RUBI,TINTURAS-DECOLORACIÃ“N,LOREAL ARG.SA D.GARNIER,"16.490,00","11.543,00",,,,,,,,,,,,,,,
7509552923711,NUTRISSE COLORACION 6660 MANZANA RUBIO OSCURO ROJIZO PROFUNDO,TINTURAS-DECOLORACIÃ“N,LOREAL ARG.SA D.GARNIER,"16.490,00","11.543,00",,,,,,,,,,,,,,,
7509552923957,NUTRISSE COLORACION 67 CHOCOLATE RUBIO OSCURO DORADO COBRIZO,TINTURAS-DECOLORACIÃ“N,LOREAL ARG.SA D.GARNIER,"16.490,00","11.543,00",,,,,,,,,,,,,,,
7509552923940,NUTRISSE COLORACION 67P CHOCOLATE PURO RUBIO OSCURO DORADO IRISADO,TINTURAS-DECOLORACIÃ“N,LOREAL ARG.SA D.GARNIER,"16.490,00","11.543,00",,,,,,,,,,,,,,,
7509552923902,NUTRISSE COLORACION 70 CHAMPAÑA RUBIO,TINTURAS-DECOLORACIÃ“N,LOREAL ARG.SA D.GARNIER,"16.490,00","11.543,00",,,,,,,,,,,,,,,
7509552923896,NUTRISSE COLORACION 71 ALMENDRA RUBIO CENIZA,TINTURAS-DECOLORACIÃ“N,LOREAL ARG.SA D.GARNIER,"16.490,00","11.543,00",,,,,,,,,,,,,,,
7509552923889,NUTRISSE COLORACION 73 MIEL RUBIO DORADO,TINTURAS-DECOLORACIÃ“N,LOREAL ARG.SA D.GARNIER,"16.490,00","11.543,00",,,,,,,,,,,,,,,
7509552923858,NUTRISSE COLORACION 8.1 AVENA RUBIO CLARO CENIZA,TINTURAS-DECOLORACIÃ“N,LOREAL ARG.SA D.GARNIER,"16.490,00","11.543,00",,,,,,,,,,,,,,,
7509552923865,NUTRISSE COLORACION 80 NECTAR RUBIO CLARO,TINTURAS-DECOLORACIÃ“N,LOREAL ARG.SA D.GARNIER,"16.490,00","11.543,00",,,,,,,,,,,,,,,
7509552923834,NUTRISSE COLORACION 90 TRIGO RUBIO MUY CLARO,TINTURAS-DECOLORACIÃ“N,LOREAL ARG.SA D.GARNIER,"16.490,00","11.543,00",,,,,,,,,,,,,,,
7509552923827,NUTRISSE COLORACION 91 JAZMIN RUBIO MUY CLARO CENIZA,TINTURAS-DECOLORACIÃ“N,LOREAL ARG.SA D.GARNIER,"16.490,00","11.543,00",,,,,,,,,,,,,,,
7509552923810,NUTRISSE COLORACION 93 MARGARITA RUBIO MUY CLARO DORADO,TINTURAS-DECOLORACIÃ“N,LOREAL ARG.SA D.GARNIER,"16.490,00","11.543,00",,,,,,,,,,,,,,,
7899026462533,GARNIER COR INTENSA 1.0 NEGRO INTENSO,TINTURAS-DECOLORACIÃ“N,LOREAL ARG.SA D.GARNIER,"9.990,00",,,,,,,,,,,,,,,,
7899026462724,GARNIER COR INTENSA 11.1 RUBIO ULTRA CLARO CENIZA,TINTURAS-DECOLORACIÃ“N,LOREAL ARG.SA D.GARNIER,"9.990,00",,,,,,,,,,,,,,,,
7899026462717,GARNIER COR INTENSA 11.3 RUBIO ULTRA CLARO DORADO,TINTURAS-DECOLORACIÃ“N,LOREAL ARG.SA D.GARNIER,"9.990,00",,,,,,,,,,,,,,,,
7509552940459,GARNIER COR INTENSA 2.0 NEGRO,TINTURAS-DECOLORACIÃ“N,LOREAL ARG.SA D.GARNIER,"9.990,00",,,,,,,,,,,,,,,,
7899026462557,GARNIER COR INTENSA 3.0 CASTAÑO OSCURO,TINTURAS-DECOLORACIÃ“N,LOREAL ARG.SA D.GARNIER,"9.990,00",,,,,,,,,,,,,,,,
7899026462571,GARNIER COR INTENSA 4.0 CASTAÑO,TINTURAS-DECOLORACIÃ“N,LOREAL ARG.SA D.GARNIER,"9.990,00",,,,,,,,,,,,,,,,
7509552940466,GARNIER COR INTENSA 4.15 CASTAÑO CENIZA CAOBA,TINTURAS-DECOLORACIÃ“N,LOREAL ARG.SA D.GARNIER,"9.990,00",,,,,,,,,,,,,,,,
7509552940473,GARNIER COR INTENSA 4.6 CASTAÑO ROJIZO,TINTURAS-DECOLORACIÃ“N,LOREAL ARG.SA D.GARNIER,"9.990,00",,,,,,,,,,,,,,,,
7899026462601,GARNIER COR INTENSA 5.0 CASTAÑO CLARO,TINTURAS-DECOLORACIÃ“N,LOREAL ARG.SA D.GARNIER,"9.990,00",,,,,,,,,,,,,,,,
7898587770651,GARNIER COR INTENSA 5.3 CASTAÑO CLARO DORADO,TINTURAS-DECOLORACIÃ“N,LOREAL ARG.SA D.GARNIER,"9.990,00",,,,,,,,,,,,,,,,
7509552940480,GARNIER COR INTENSA 5.62 CASTAÑO ROJIZO,TINTURAS-DECOLORACIÃ“N,LOREAL ARG.SA D.GARNIER,"9.990,00",,,,,,,,,,,,,,,,
7899026462625,GARNIER COR INTENSA 6.0 RUBIO OSURO,TINTURAS-DECOLORACIÃ“N,LOREAL ARG.SA D.GARNIER,"9.990,00",,,,,,,,,,,,,,,,
7509552844764,GARNIER COR INTENSA 6.1 RUBIO OSCURO CENIZO,TINTURAS-DECOLORACIÃ“N,LOREAL ARG.SA D.GARNIER,"9.990,00",,,,,,,,,,,,,,,,
7509552940497,GARNIER COR INTENSA 6.46 ROJO COBRIZO,TINTURAS-DECOLORACIÃ“N,LOREAL ARG.SA D.GARNIER,"9.990,00",,,,,,,,,,,,,,,,
7899026462656,GARNIER COR INTENSA 66 ROJO INTENSO,TINTURAS-DECOLORACIÃ“N,LOREAL ARG.SA D.GARNIER,"9.990,00",,,,,,,,,,,,,,,,
7899026462663,GARNIER COR INTENSA 6.7 CHOCOLATE,TINTURAS-DECOLORACIÃ“N,LOREAL ARG.SA D.GARNIER,"9.990,00",,,,,,,,,,,,,,,,
7509552935462,GARNIER COR INTENSA 6.75 CHOCHOLATE CAOBA,TINTURAS-DECOLORACIÃ“N,LOREAL ARG.SA D.GARNIER,"9.990,00",,,,,,,,,,,,,,,,
7899026462670,GARNIER COR INTENSA 7.0 RUBIO,TINTURAS-DECOLORACIÃ“N,LOREAL ARG.SA D.GARNIER,"9.990,00",,,,,,,,,,,,,,,,
7898587770699,GARNIER COR INTENSA 7.1 RUBIO CENIZO,TINTURAS-DECOLORACIÃ“N,LOREAL ARG.SA D.GARNIER,"9.990,00",,,,,,,,,,,,,,,,
7899026462687,GARNIER COR INTENSA 8.0 RUBIO CLARO,TINTURAS-DECOLORACIÃ“N,LOREAL ARG.SA D.GARNIER,"9.990,00",,,,,,,,,,,,,,,,
7509552844771,GARNIER COR INTENSA 8.1 RUBIO CLARO CENIZO,TINTURAS-DECOLORACIÃ“N,LOREAL ARG.SA D.GARNIER,"9.990,00",,,,,,,,,,,,,,,,
7509552844788,GARNIER COR INTENSA 8.3 RUBIO CLARO DORADO,TINTURAS-DECOLORACIÃ“N,LOREAL ARG.SA D.GARNIER,"9.990,00",,,,,,,,,,,,,,,,
7509552806229,GARNIER COR INTENSA9.0 RUBIO MUY CLARO,TINTURAS-DECOLORACIÃ“N,LOREAL ARG.SA D.GARNIER,"9.990,00",,,,,,,,,,,,,,,,
7509552940503,GARNIER COR INTENSA 9.13 RUBIO MUY CLARO CENIZA DORADO,TINTURAS-DECOLORACIÃ“N,LOREAL ARG.SA D.GARNIER,"9.990,00",,,,,,,,,,,,,,,,
7509552870732,NUTRISSE COLORACION S/AMONIACO OLEOS 1 NEGRO,TINTURAS-DECOLORACIÃ“N,LOREAL ARG.SA D.GARNIER,"20.000,00",,,,,,,,,,,,,,,,
7509552870701,NUTRISSE COLORACION S/AMONIACO OLEOS 4 CASTAÑO,TINTURAS-DECOLORACIÃ“N,LOREAL ARG.SA D.GARNIER,"20.000,00",,,,,,,,,,,,,,,,
7509552870695,NUTRISSE  COLORACION S/AMONIACO OLEOS 5 CATAÑO CLARO,TINTURAS-DECOLORACIÃ“N,LOREAL ARG.SA D.GARNIER,"20.000,00",,,,,,,,,,,,,,,,
7509552870688,NUTRISSE COLORACION S/AMONIACO OLEOS 6 RUBIO OSCURO,TINTURAS-DECOLORACIÃ“N,LOREAL ARG.SA D.GARNIER,"20.000,00",,,,,,,,,,,,,,,,
7509552870664,NUTRISSE COLORACION S/AMONIACO OLEOS 6.66 RUBIO ROJIZO PROFUNDO,TINTURAS-DECOLORACIÃ“N,LOREAL ARG.SA D.GARNIER,"20.000,00",,,,,,,,,,,,,,,,
7509552870657,NUTRISSE COLORACION S/AMONIACO OLEOS 6.7 RUBIO OSCURO CHOCOLATE,TINTURAS-DECOLORACIÃ“N,LOREAL ARG.SA D.GARNIER,"20.000,00",,,,,,,,,,,,,,,,
7509552870640,NUTRISSE COLORACION S/AMONIACO OLEOS 7 RUBIO,TINTURAS-DECOLORACIÃ“N,LOREAL ARG.SA D.GARNIER,"20.000,00",,,,,,,,,,,,,,,,
7509552870633,NUTRISSE COLORACION S/AMONIACO OLEOS 7.12 RUBIO CENIZO NACARADO,TINTURAS-DECOLORACIÃ“N,LOREAL ARG.SA D.GARNIER,"20.000,00",,,,,,,,,,,,,,,,
7509552870619,NUTRISSE COLORACION S/AMONIACO OLEOS 8 RUBIO CLARO,TINTURAS-DECOLORACIÃ“N,LOREAL ARG.SA D.GARNIER,"20.000,00",,,,,,,,,,,,,,,,
7509552870602,NUTRISSE COLORACION S/AMONIACO OLEOS 9.1 RUBIO MUY CLARO CENIZO,TINTURAS-DECOLORACIÃ“N,LOREAL ARG.SA D.GARNIER,"20.000,00",,,,,,,,,,,,,,,,
7509552812138,NUTRISSE COLORACION ULTRA COBERTURA 50U CASTAÑO CLARO,TINTURAS-DECOLORACIÃ“N,LOREAL ARG.SA D.GARNIER,"16.490,00","11.543,00",,,,,,,,,,,,,,,
7509552923612,NUTRISSE COLORACION ULTRA COBERTURA 70 RUBIO PROFUNDO,TINTURAS-DECOLORACIÃ“N,LOREAL ARG.SA D.GARNIER,"16.490,00","11.543,00",,,,,,,,,,,,,,,