Marybe SRL,,,,,,
Pellegrini 141,,,CTRL+R  Genera Revisar,,,
200726 1005,,,CTRL+N  Hoja Ofertas,,,
,,,CTRL+P  Copia Pedido,,,
,, ,,,,
Codigo,Descripcion,MARCA,Rubro,Proveedor,Publico,Oferta
3349666007921,1 MILLION EDT X 100 ml,Rabanne,FRAG IMP HOMBRE,PUIG ARGENTINA SA (SELE),"232.700,00",
3349668566372,1 MILLION EDT X 200 ml,Rabanne,FRAG IMP HOMBRE,PUIG ARGENTINA SA (SELE),"444.900,00","311.430,00"
3349668627240,1 MILLION EDT X 200 ml + TUBO EDT X 10 ml,Rabanne,FRAG IMP HOMBRE,PUIG ARGENTINA SA (SELE),"444.900,00","311.430,00"
3349668612598,1 MILLION EDT X 50 ml,Rabanne,FRAG IMP HOMBRE,PUIG ARGENTINA SA (SELE),"198.000,00",
3349668600304,1 MILLION ELIXIR PARFUM INTENSE X 100 ml,Rabanne,FRAG IMP HOMBRE,PUIG ARGENTINA SA (SELE),"280.000,00",
3349668600298,1 MILLION ELIXIR PARFUM INTENSE X 200 ml,Rabanne,FRAG IMP HOMBRE,PUIG ARGENTINA SA (SELE),"534.100,00",
3349668601073,1 MILLION ELIXIR PARFUM INTENSE X 50 ml,Rabanne,FRAG IMP HOMBRE,PUIG ARGENTINA SA (SELE),"235.000,00",
3349668630356,1 MILLION GOLD EDP INTENSE X 100 ml,Rabanne,FRAG IMP HOMBRE,PUIG ARGENTINA SA (SELE),"512.200,00",
3349668666782,1 MILLION GOLD ELIXIR PARFUM INTENSE X 100 ml + DESODORANTE + TUBO X 10 ml,Rabanne,FRAG IMP HOMBRE,PUIG ARGENTINA SA (SELE),"293.000,00",
3349668662388,1 MILLION NIGHT ELIXIR PARFUM X 100 ml,Rabanne,FRAG IMP HOMBRE,PUIG ARGENTINA SA (SELE),"256.000,00",
8411061894026,212 WOMAN EDT X 60 ml,Carolina Herrera,FRAG IMPORTADAS FEM,PUIG ARGENTINA SA (SELE),"217.000,00",
8411061043868,212 FOR MEN EDT X 100 ml,Carolina Herrera,FRAG IMP HOMBRE,PUIG ARGENTINA SA (SELE),"225.000,00",
8411061853115,212 FOR MEN EDT X 30 ml,Carolina Herrera,FRAG IMP HOMBRE,PUIG ARGENTINA SA (SELE),"150.000,00",
8411061896259,212 FOR MEN EDT X 50 ml,Carolina Herrera,FRAG IMP HOMBRE,PUIG ARGENTINA SA (SELE),"185.000,00",
8411061134337,212 FOR  MEN EDT X 100 ml + TUBO X 10 ml + DESODORANTE STICK,Carolina Herrera,FRAG IMP HOMBRE,PUIG ARGENTINA SA (SELE),"226.000,00",
8411061124994,212 FOR MEN PARFUM X 100 ml,Carolina Herrera,FRAG IMP HOMBRE,PUIG ARGENTINA SA (SELE),"245.000,00",
8411061125007,212 FOR MEN PARFUM X 50 ml,Carolina Herrera,FRAG IMP HOMBRE,PUIG ARGENTINA SA (SELE),"205.000,00",
8411061122501,212 VIP BLACK EDP X 100 ml + TUBO EDP X 10 ml + GEL DUCHA,Carolina Herrera,FRAG IMP HOMBRE,PUIG ARGENTINA SA (SELE),"232.000,00",
8411061105016,212 VIP BLACK ELIXIR X 100 ml,Carolina Herrera,FRAG IMP HOMBRE,PUIG ARGENTINA SA (SELE),"265.000,00",
8411061120637,212 VIP BLACK EDP X 50 ml,Carolina Herrera,FRAG IMP HOMBRE,PUIG ARGENTINA SA (SELE),"193.500,00","135.450,00"
8411061105009,212 VIP BLACK ELIXIR X 50 ml,Carolina Herrera,FRAG IMP HOMBRE,PUIG ARGENTINA SA (SELE),"220.000,00",
8411061043844,212 VIP BLACK EDP X 100 ml,Carolina Herrera,FRAG IMP HOMBRE,PUIG ARGENTINA SA (SELE),"230.000,00",
8411061134344,212 VIP BLACK EDP X 100 ml + TUBO EDP X 10 ml + GEL DUCHA,Carolina Herrera,FRAG IMP HOMBRE,PUIG ARGENTINA SA (SELE),"232.000,00",
8411061120620,212 VIP BLACK EDP X 200 ml,Carolina Herrera,FRAG IMP HOMBRE,PUIG ARGENTINA SA (SELE),"440.100,00","264.060,00"
8411061782347,212 VIP FOR MEN EDT X 200 ml,Carolina Herrera,FRAG IMP HOMBRE,PUIG ARGENTINA SA (SELE),"427.300,00","256.380,00"
8411061088166,212 VIP FOR MEN EDT X 100 ml,Carolina Herrera,FRAG IMP HOMBRE,PUIG ARGENTINA SA (SELE),"225.000,00",
8411061120583,212 VIP ROSE EDP X 30 ml,Carolina Herrera,FRAG IMPORTADAS FEM,PUIG ARGENTINA SA (SELE),"175.000,00",
8411061106518,212 VIP ROSE EDP X 50 ml,Carolina Herrera,FRAG IMPORTADAS FEM,PUIG ARGENTINA SA (SELE),"225.000,00",
8411061088197,212 VIP ROSE EDP X 80 ml,Carolina Herrera,FRAG IMPORTADAS FEM,PUIG ARGENTINA SA (SELE),"270.000,00",
8411061083482,212 VIP ROSE ELIXIR EDP X 80 ml,Carolina Herrera,FRAG IMPORTADAS FEM,PUIG ARGENTINA SA (SELE),"295.000,00",
8411061083505,212 VIP ROSE ELIXIR X 30 ml,Carolina Herrera,FRAG IMPORTADAS FEM,PUIG ARGENTINA SA (SELE),"190.000,00",
8411061083499,212 VIP ROSE ELIXIR X 50 ml,Carolina Herrera,FRAG IMPORTADAS FEM,PUIG ARGENTINA SA (SELE),"240.000,00",
8411061838778,212 VIP ROSE EDP X 125 ml,Carolina Herrera,FRAG IMPORTADAS FEM,PUIG ARGENTINA SA (SELE),"523.900,00","314.340,00"
8411061906651,212 WOMAN EDT 30 ml,Carolina Herrera,FRAG IMPORTADAS FEM,PUIG ARGENTINA SA (SELE),"170.000,00",
8411061088180,212 WOMAN EDT X 100 ml,Carolina Herrera,FRAG IMPORTADAS FEM,PUIG ARGENTINA SA (SELE),"265.900,00",
8411061124840,BAD BOY COBALT ABSOLUTE X 100 ml,Carolina Herrera,FRAG IMP HOMBRE,PUIG ARGENTINA SA (SELE),"275.000,00",
8411061124833,BAD BOY COBALT ABSOLUTE X 50 ml,Carolina Herrera,FRAG IMP HOMBRE,PUIG ARGENTINA SA (SELE),"230.000,00",
8411061027837,BAD BOY COBALT ELECTRIQUE EDP X 100 ml,Carolina Herrera,FRAG IMP HOMBRE,PUIG ARGENTINA SA (SELE),"235.000,00",
8411061027820,BAD BOY COBALT ELECTRIQUE EDP X 150 ml,Carolina Herrera,FRAG IMP HOMBRE,PUIG ARGENTINA SA (SELE),"452.700,00","271.620,00"
8411061027813,BAD BOY COBALT ELECTRIQUE EDP X 50 ml,Carolina Herrera,FRAG IMP HOMBRE,PUIG ARGENTINA SA (SELE),"195.000,00","156.000,00"
8411061083789,BAD BOY COBALT ELIXIR EDP X 150 ml,Carolina Herrera,FRAG IMP HOMBRE,PUIG ARGENTINA SA (SELE),"439.700,00","263.820,00"
8411061083772,BAD BOY COBALT ELIXIR X 100 ml,Carolina Herrera,FRAG IMP HOMBRE,PUIG ARGENTINA SA (SELE),"230.500,00",
8411061083765,BAD BOY COBALT ELIXIR X 50 ml,Carolina Herrera,FRAG IMP HOMBRE,PUIG ARGENTINA SA (SELE),"192.500,00","154.000,00"
8411061923245,BAD BOY EDT X 100 ml,Carolina Herrera,FRAG IMP HOMBRE,PUIG ARGENTINA SA (SELE),"225.000,00",
8411061982068,BAD BOY EDT X 150 ml,Carolina Herrera,FRAG IMP HOMBRE,PUIG ARGENTINA SA (SELE),"439.300,00","263.580,00"
8411061099735,BAD BOY EDT X 50 ml,Carolina Herrera,FRAG IMP HOMBRE,PUIG ARGENTINA SA (SELE),"190.000,00","133.000,00"
8411061106297,BAD BOY ELIXIR EDP X 100 ml,Carolina Herrera,FRAG IMP HOMBRE,PUIG ARGENTINA SA (SELE),"235.000,00",
8411061106303,BAD BOY ELIXIR EDP X 50 ml,Carolina Herrera,FRAG IMP HOMBRE,PUIG ARGENTINA SA (SELE),"195.500,00",
8411061934234,CAROLINA HERRERA WOMAN EDP X 100 ml,Carolina Herrera,FRAG IMPORTADAS FEM,PUIG ARGENTINA SA (SELE),"295.000,00",
8411061067925,CH FOR MEN EDT X 100 ml,Carolina Herrera,FRAG IMP HOMBRE,PUIG ARGENTINA SA (SELE),"182.000,00",
8411061067932,CH FOR MEN EDT X 50 ml,Carolina Herrera,FRAG IMP HOMBRE,PUIG ARGENTINA SA (SELE),"153.000,00",
8411061077146,LA BOMBA EDP X 30 ml,Carolina Herrera,FRAG IMPORTADAS FEM,PUIG ARGENTINA SA (SELE),"180.000,00",
8411061077153,LA BOMBA EDP X 50 ml,Carolina Herrera,FRAG IMPORTADAS FEM,PUIG ARGENTINA SA (SELE),"230.500,00",
8411061077160,LA BOMBA EDP X 80 ml,Carolina Herrera,FRAG IMPORTADAS FEM,PUIG ARGENTINA SA (SELE),"280.000,00",
8411061125298,CH SWING FOR MEN EDP X 100 ml,Carolina Herrera,FRAG IMP HOMBRE,PUIG ARGENTINA SA (SELE),"218.400,00",
8411061125281,CH SWING MUJER EDP X 100 ml,Carolina Herrera,FRAG IMPORTADAS FEM,PUIG ARGENTINA SA (SELE),"252.000,00",
8411061067895,CH WOMAN EDT X 100 ml,Carolina Herrera,FRAG IMPORTADAS FEM,PUIG ARGENTINA SA (SELE),"210.000,00",
8411061607176,CH WOMAN EDT X 30 ml,Carolina Herrera,FRAG IMPORTADAS FEM,PUIG ARGENTINA SA (SELE),"132.000,00",
8411061067901,CH WOMAN EDT X 50 ml,Carolina Herrera,FRAG IMPORTADAS FEM,PUIG ARGENTINA SA (SELE),"169.000,00",
3349668630417,FAME COUTURE EDP X 80 ml,Rabanne,FRAG IMPORTADAS FEM,PUIG ARGENTINA SA (SELE),"241.300,00",
3349668636648,FAME EDP X 150 ml,Rabanne,FRAG IMPORTADAS FEM,PUIG ARGENTINA SA (SELE),"551.600,00","330.960,00"
3349668614004,FAME EDP X 80 ML + TUBO X 10 ml,Rabanne,FRAG IMPORTADAS FEM,PUIG ARGENTINA SA (SELE),"270.000,00",
3349668630127,FAME INTENSE EDP X 30 ml,Rabanne,FRAG IMPORTADAS FEM,PUIG ARGENTINA SA (SELE),"172.000,00",
3349668630110,FAME INTENSE EDP X 50 ml,Rabanne,FRAG IMPORTADAS FEM,PUIG ARGENTINA SA (SELE),"220.000,00",
3349668630448,FAME INTENSE EDP X 80 ml,Rabanne,FRAG IMPORTADAS FEM,PUIG ARGENTINA SA (SELE),"270.000,00","216.000,00"
3349668630141,FAME INTENSE RECARGA X 200 ml,Rabanne,FRAG IMPORTADAS FEM,PUIG ARGENTINA SA (SELE),"215.000,00",
3349668614684,FAME PARFUM RECARGA X 200 ml,Rabanne,FRAG IMPORTADAS FEM,PUIG ARGENTINA SA (SELE),"215.000,00",
3349668614660,FAME PARFUM X 80 ml,Rabanne,FRAG IMPORTADAS FEM,PUIG ARGENTINA SA (SELE),"260.000,00","208.000,00"
3349668614646,FAME PARFUM X 30 ml,Rabanne,FRAG IMPORTADAS FEM,PUIG ARGENTINA SA (SELE),"165.000,00",
3349668614653,FAME PARFUM X 50 ml,Rabanne,FRAG IMPORTADAS FEM,PUIG ARGENTINA SA (SELE),"210.000,00",
3349668595945,FAME EDP RECARGA X 200 ml,Rabanne,FRAG IMPORTADAS FEM,PUIG ARGENTINA SA (SELE),"199.000,00",
3349668594603,FAME EDP X 30 ml,Rabanne,FRAG IMPORTADAS FEM,PUIG ARGENTINA SA (SELE),"170.000,00",
3349668594429,FAME EDP X 50 ml,Rabanne,FRAG IMPORTADAS FEM,PUIG ARGENTINA SA (SELE),"225.000,00",
3349668594412,FAME EDP X 80 ml,Rabanne,FRAG IMPORTADAS FEM,PUIG ARGENTINA SA (SELE),"270.000,00",
8435415105316,GAULTIER DIVINE ELIXIR PARFUM X 100 ml,Jean Paul Gaultier,FRAG IMPORTADAS FEM,PUIG ARGENTINA SA (SELE),"280.900,00",
8435415105293,GAULTIER DIVINE ELIXIR PARFUM X 30 ml,Jean Paul Gaultier,FRAG IMPORTADAS FEM,PUIG ARGENTINA SA (SELE),"201.800,00",
8435415105309,GAULTIER DIVINE ELIXIR PARFUM X 50 ml,Jean Paul Gaultier,FRAG IMPORTADAS FEM,PUIG ARGENTINA SA (SELE),"230.800,00",
8411061056776,GOOD GIRL BLUSH EDP X 30 ml,Carolina Herrera,FRAG IMPORTADAS FEM,PUIG ARGENTINA SA (SELE),"190.000,00",
8411061056769,GOOD GIRL BLUSH EDP X 50 ml,Carolina Herrera,FRAG IMPORTADAS FEM,PUIG ARGENTINA SA (SELE),"240.000,00",
8411061056752,GOOD GIRL BLUSH EDP X 80,Carolina Herrera,FRAG IMPORTADAS FEM,PUIG ARGENTINA SA (SELE),"295.000,00",
8411061083673,GOOD GIRL BLUSH ELIXIR EDP X 30 ml,Carolina Herrera,FRAG IMPORTADAS FEM,PUIG ARGENTINA SA (SELE),"190.000,00","133.000,00"
8411061083666,GOOD GIRL BLUSH ELIXIR EDP X 50 ml,Carolina Herrera,FRAG IMPORTADAS FEM,PUIG ARGENTINA SA (SELE),"240.000,00","168.000,00"
8411061083659,GOOD GIRL BLUSH ELIXIR EDP X 80 ml,Carolina Herrera,FRAG IMPORTADAS FEM,PUIG ARGENTINA SA (SELE),"295.000,00",
8411061092637,GOOD GIRL BLUSH ELIXIR EDP X 80 ml + BODY LOTION,Carolina Herrera,FRAG IMPORTADAS FEM,PUIG ARGENTINA SA (SELE),"295.000,00",
8411061097922,GOOD GIRL BLUSH EDP X 150 ml,Carolina Herrera,FRAG IMPORTADAS FEM,PUIG ARGENTINA SA (SELE),"607.000,00","364.200,00"
8411061026335,GOOD GIRL EDP X 150 ml,Carolina Herrera,FRAG IMPORTADAS FEM,PUIG ARGENTINA SA (SELE),"551.600,00","330.960,00"
8411061041673,GOOD GIRL EDP X 30 ml,Carolina Herrera,FRAG IMPORTADAS FEM,PUIG ARGENTINA SA (SELE),"185.000,00",
8411061026250,GOOD GIRL EDP X 50 ml,Carolina Herrera,FRAG IMP UNISEX,PUIG ARGENTINA SA (SELE),"234.000,00",
8411061026342,GOOD GIRL EDP X 80 ml,Carolina Herrera,FRAG IMPORTADAS FEM,PUIG ARGENTINA SA (SELE),"280.600,00",
8411061106204,GOOD GIRL VERY ELIXIR EDP X 30 ml,Carolina Herrera,FRAG IMPORTADAS FEM,PUIG ARGENTINA SA (SELE),"190.000,00",
8411061106211,GOOD GIRL VERY ELIXIR EDP X 50 ml,Carolina Herrera,FRAG IMPORTADAS FEM,PUIG ARGENTINA SA (SELE),"240.000,00",
8411061106228,GOOD GIRL VERY ELIXIR EDP X 80 ml,Carolina Herrera,FRAG IMPORTADAS FEM,PUIG ARGENTINA SA (SELE),"295.000,00",
8411061081600,HERRERA FOR MEN EDT X 100 ml,Carolina Herrera,FRAG IMP HOMBRE,PUIG ARGENTINA SA (SELE),"248.000,00",
3349668515660,INVICTUS EDT X 100 ml,Rabanne,FRAG IMP HOMBRE,PUIG ARGENTINA SA (SELE),"232.700,00",
3349668589678,INVICTUS EDT X 200 ml,Rabanne,FRAG IMP HOMBRE,PUIG ARGENTINA SA (SELE),"444.900,00","266.940,00"
3349668515653,INVICTUS EDT X 50 ml,Rabanne,FRAG IMP HOMBRE,PUIG ARGENTINA SA (SELE),"198.000,00",
3349668664733,INVICTUS ELIXIR PARFUM X 100 ml,Rabanne,FRAG IMP HOMBRE,PUIG ARGENTINA SA (SELE),"285.000,00",
3349668627530,INVICTUS PARFUM X 100 ml,Rabanne,FRAG IMP HOMBRE,PUIG ARGENTINA SA (SELE),"267.000,00",
3349668627547,INVICTUS PARFUM X 200 ml,Rabanne,FRAG IMP HOMBRE,PUIG ARGENTINA SA (SELE),"512.100,00","307.260,00"
3349668627523,INVICTUS PARFUM X 50 ml,Rabanne,FRAG IMP HOMBRE,PUIG ARGENTINA SA (SELE),"227.000,00",
3349668592388,INVICTUS VICTORY EDP EXTREME X 200 ml,Rabanne,FRAG IMP HOMBRE,PUIG ARGENTINA SA (SELE),"512.100,00","307.260,00"
3349668588732,INVICTUS VICTORY EDP EXTREME X 100 ml,Rabanne,FRAG IMP HOMBRE,PUIG ARGENTINA SA (SELE),"267.000,00",
3349668588749,INVICTUS VICTORY EDP EXTREME X 50 ml,Rabanne,FRAG IMP HOMBRE,PUIG ARGENTINA SA (SELE),"227.000,00",
3349668614530,INVICTUS VICTORY ELIXIR PARFUM X 200 ml,Rabanne,FRAG IMP HOMBRE,PUIG ARGENTINA SA (SELE),"534.100,00","320.460,00"
3349668614523,INVICTUS VICTORY ELIXIR PARFUM X 100 ml,Rabanne,FRAG IMP HOMBRE,PUIG ARGENTINA SA (SELE),"279.400,00",
3349668666850,INVICTUS VICTORY ELIXIR PARFUM X 100 ml + TUBO X 10 ml + DESODORANTE,Rabanne,FRAG IMP HOMBRE,PUIG ARGENTINA SA (SELE),"282.000,00",
3349668614516,INVICTUS VICTORY ELIXIR PARFUM X 50 ml,Rabanne,FRAG IMP HOMBRE,PUIG ARGENTINA SA (SELE),"238.000,00",
8435415116565,LE MALE ELIXIR ABSOLU PARFUM INTENSE X 125 ml + GEL DUCHA,Jean Paul Gaultier,FRAG IMP HOMBRE,PUIG ARGENTINA SA (SELE),"322.600,00",
8435415116572,LE MALE ELIXIR PARFUM X 125 ml + GEL DUCHA,Jean Paul Gaultier,FRAG IMP HOMBRE,PUIG ARGENTINA SA (SELE),"292.999,50",
8435415113168,LE MALE ELIXIR PARFUM X 125 ml + TUBO X 10 ml + GEL DUCHA,Jean Paul Gaultier,FRAG IMP HOMBRE,PUIG ARGENTINA SA (SELE),"293.000,00",
8435415113175,LE MALE ELIXIR PARFUM X 200 ml + TUBO X 10 ml,Jean Paul Gaultier,FRAG IMP HOMBRE,PUIG ARGENTINA SA (SELE),"555.000,00","333.000,00"
8435415100496,SCANDAL WOMAN EDP X 50 ml,Jean Paul Gaultier,FRAG IMPORTADAS FEM,PUIG ARGENTINA SA (SELE),"225.004,08",
8435415113250,SCANDAL POUR HOMME EDT X 100 ml + TUBO X 10 ml + GEL DUCHA,Jean Paul Gaultier,FRAG IMP HOMBRE,PUIG ARGENTINA SA (SELE),"255.000,00",
8435415102728,SCANDAL POUR HOMME EDP INTENSE X 100 ml,Jean Paul Gaultier,FRAG IMP HOMBRE,PUIG ARGENTINA SA (SELE),"271.500,00",
8435415102711,SCANDAL POUR HOMME EDP INTENSE X 50 ml,Jean Paul Gaultier,FRAG IMP HOMBRE,PUIG ARGENTINA SA (SELE),"230.500,00",
8435415102681,SCANDAL WOMAN EDP INTENSE X 30 ml,Jean Paul Gaultier,FRAG IMPORTADAS FEM,PUIG ARGENTINA SA (SELE),"190.000,00",
8435415102698,SCANDAL WOMAN EDP INTENSE X 50 ml,Jean Paul Gaultier,FRAG IMPORTADAS FEM,PUIG ARGENTINA SA (SELE),"245.000,00",
8435415102704,SCANDAL WOMAN EDP INTENSE X 80 ml,Jean Paul Gaultier,FRAG IMPORTADAS FEM,PUIG ARGENTINA SA (SELE),"290.000,00",
8435415076838,DIVINE EDP X 100 ml,Jean Paul Gaultier,FRAG IMPORTADAS FEM,PUIG ARGENTINA SA (SELE),"290.000,00","232.000,00"
8435415077576,DIVINE EDP X 100 ml + TUBO X 10 ml RECARGABLE,Jean Paul Gaultier,FRAG IMPORTADAS FEM,PUIG ARGENTINA SA (SELE),"290.000,00",
8435415082686,DIVINE EDP X 200 ml RECARGA,Jean Paul Gaultier,FRAG IMPORTADAS FEM,PUIG ARGENTINA SA (SELE),"343.000,00","240.100,00"
8435415076814,DIVINE EDP X 30 ml,Jean Paul Gaultier,FRAG IMPORTADAS FEM,PUIG ARGENTINA SA (SELE),"190.000,00",
8435415091169,DIVINE LE PARFUM X 100 ml,Jean Paul Gaultier,FRAG IMPORTADAS FEM,PUIG ARGENTINA SA (SELE),"320.000,00",
8435415091145,DIVINE LE PARFUM X 30 ml,Jean Paul Gaultier,FRAG IMPORTADAS FEM,PUIG ARGENTINA SA (SELE),"205.300,00",
8435415091152,DIVINE LE PARFUM X 50 ml,Jean Paul Gaultier,FRAG IMPORTADAS FEM,PUIG ARGENTINA SA (SELE),"263.500,00",
8435415102483,LA BELLE FLOWER EDITION EDP X 100 ml,Jean Paul Gaultier,FRAG IMPORTADAS FEM,PUIG ARGENTINA SA (SELE),"191.500,00",
8435415091251,LA BELLE PARADISE GARDEN EDP X 100 ml,Jean Paul Gaultier,FRAG IMPORTADAS FEM,PUIG ARGENTINA SA (SELE),"296.500,00",
8435415091268,LA BELLE PARADISE GARDEN EDP X 50 ml,Jean Paul Gaultier,FRAG IMPORTADAS FEM,PUIG ARGENTINA SA (SELE),"245.000,00",
8435415091190,LA BELLE PARADISE GARDEN X 30 ml,Jean Paul Gaultier,FRAG IMPORTADAS FEM,PUIG ARGENTINA SA (SELE),"190.300,00",
8435415115025,LA BELLE ROSEA EDP X 100 ml,Jean Paul Gaultier,FRAG IMPORTADAS FEM,PUIG ARGENTINA SA (SELE),"302.500,00",
8435415062190,LE BEAU LE PARFUM EDP INTENSE X 125 ml,Jean Paul Gaultier,FRAG IMP HOMBRE,PUIG ARGENTINA SA (SELE),"281.400,00",
8435415062213,LE BEAU LE PARFUM EDP INTENSE X 75 ml,Jean Paul Gaultier,FRAG IMP HOMBRE,PUIG ARGENTINA SA (SELE),"238.400,00",
8435415102537,LE BEAU FLOWER EDITION EDP X 125 ml,Jean Paul Gaultier,FRAG IMP HOMBRE,PUIG ARGENTINA SA (SELE),"196.000,00",
8435415091275,LE BEAU PARADISE GARDEN EDP X 125 ml,Jean Paul Gaultier,FRAG IMP HOMBRE,PUIG ARGENTINA SA (SELE),"268.000,00",
8435415091244,LE BEAU PARADISE GARDEN EDP X 75 ml,Jean Paul Gaultier,FRAG IMP HOMBRE,PUIG ARGENTINA SA (SELE),"228.300,00",
8435415017206,LE BEAU EDT X 125 ml,Jean Paul Gaultier,FRAG IMP HOMBRE,PUIG ARGENTINA SA (SELE),"245.000,00",
8435415102346,LE MALE ELIXIR ABSOLU PARFUM INTENSE X 125 ml,Jean Paul Gaultier,FRAG IMP HOMBRE,PUIG ARGENTINA SA (SELE),"315.000,00",
8435415102339,LE MALE ELIXIR ABSOLU PARFUM INTENSE X 75 ml,Jean Paul Gaultier,FRAG IMP HOMBRE,PUIG ARGENTINA SA (SELE),"265.600,00",
8435415076944,LE MALE ELIXIR PARFUM X 125 ml,Jean Paul Gaultier,FRAG IMP HOMBRE,PUIG ARGENTINA SA (SELE),"285.000,00",
8435415076906,LE MALE ELIXIR PARFUM X 200 ml,Jean Paul Gaultier,FRAG IMP HOMBRE,PUIG ARGENTINA SA (SELE),"555.000,00","333.000,00"
8435415076937,LE MALE ELIXIR PARFUM X 75 ml,Jean Paul Gaultier,FRAG IMP HOMBRE,PUIG ARGENTINA SA (SELE),"242.000,00",
8435415114363,LE MALE IN BLUE EDP X 125 ml,Jean Paul Gaultier,FRAG IMP HOMBRE,PUIG ARGENTINA SA (SELE),"250.000,00",
8435415032315,LE MALE LE PARFUM INTENSE EDP X 125 ml,Jean Paul Gaultier,FRAG IMP HOMBRE,PUIG ARGENTINA SA (SELE),"261.500,00",
8435415103107,LE MALE EDT X 125 ml + GEL DUCHA,Jean Paul Gaultier,FRAG IMP HOMBRE,PUIG ARGENTINA SA (SELE),"261.500,00",
8435415012669,LE MALE EDT X 125 ml,Jean Paul Gaultier,FRAG IMP HOMBRE,PUIG ARGENTINA SA (SELE),"238.000,00",
8435415012638,LE MALE EDT X 75 ml,Jean Paul Gaultier,FRAG IMP HOMBRE,PUIG ARGENTINA SA (SELE),"165.000,00",
8435415059084,SCANDAL WOMAN EDP X 30 ml,Jean Paul Gaultier,FRAG IMPORTADAS FEM,PUIG ARGENTINA SA (SELE),"174.500,00",
8435415050777,SCANDAL WOMAN LE PARFUM X 30 ml,Jean Paul Gaultier,FRAG IMPORTADAS FEM,PUIG ARGENTINA SA (SELE),"192.500,00",
8435415050760,SCANDAL WOMAN LE PARFUM X 80 ml,Jean Paul Gaultier,FRAG IMPORTADAS FEM,PUIG ARGENTINA SA (SELE),"299.500,00",
8435415011341,CLASIQUE EDT X 100 ml,Jean Paul Gaultier,FRAG IMPORTADAS FEM,PUIG ARGENTINA SA (SELE),"250.600,00",
8435415011310,CLASIQUE EDT X 50 ml,Jean Paul Gaultier,FRAG IMPORTADAS FEM,PUIG ARGENTINA SA (SELE),"160.000,00",
8435415049542,LA BELLE LE PARFUM INTENSE EDP X 100 ml,Jean Paul Gaultier,FRAG IMPORTADAS FEM,PUIG ARGENTINA SA (SELE),"296.500,00",
8435415049436,LA BELLE LE PARFUM INTENSE EDP X 30 ml,Jean Paul Gaultier,FRAG IMPORTADAS FEM,PUIG ARGENTINA SA (SELE),"190.300,00",
8435415049405,LA BELLE LE PARFUM INTENSE EDP X 50 ml,Jean Paul Gaultier,FRAG IMPORTADAS FEM,PUIG ARGENTINA SA (SELE),"245.000,00",
8435415017244,LA BELLE EDP X 100 ml,Jean Paul Gaultier,FRAG IMPORTADAS FEM,PUIG ARGENTINA SA (SELE),"275.000,00",
8435415017237,LA BELLE EDP X 30 ml,Jean Paul Gaultier,FRAG IMPORTADAS FEM,PUIG ARGENTINA SA (SELE),"177.900,00",
8435415017213,LA BELLE EDP X 50 ml,Jean Paul Gaultier,FRAG IMPORTADAS FEM,PUIG ARGENTINA SA (SELE),"228.200,00",
8435415116497,SCANDAL POUR HOMME INTENSE EDP X 100 ml + TUBO X 10 ml,Jean Paul Gaultier,FRAG IMP HOMBRE,PUIG ARGENTINA SA (SELE),"280.000,00",
8435415116503,SCANDAL POUR HOMME EDT X 100 ml + TUBO X 10 ml + GEL DUCHA,Jean Paul Gaultier,FRAG IMP HOMBRE,PUIG ARGENTINA SA (SELE),"253.900,00",
3349668612611,LADY MILLION EDP  X 30 ml,Rabanne,FRAG IMPORTADAS FEM,PUIG ARGENTINA SA (SELE),"159.000,00",
3349668612604,LADY MILLION EDP X 50 ml,Rabanne,FRAG IMPORTADAS FEM,PUIG ARGENTINA SA (SELE),"205.000,00",
3349668508587,LADY MILLION EDP X 80 ml,Rabanne,FRAG IMPORTADAS FEM,PUIG ARGENTINA SA (SELE),"249.000,00",
8435415012690,LE MALE EDT X 200 ml,Jean Paul Gaultier,FRAG IMP HOMBRE,PUIG ARGENTINA SA (SELE),"508.900,00","305.340,00"
3349668630349,MILLION GOLD FOR MEN EDP INTENSE X 100 ml,Rabanne,FRAG IMP HOMBRE,PUIG ARGENTINA SA (SELE),"268.000,00",
3349668630332,MILLION GOLD FOR MEN EDP INTENSE X 50 ml,Rabanne,FRAG IMP HOMBRE,PUIG ARGENTINA SA (SELE),"228.000,00",
3349668630240,MILLION GOLD WOMAN EDP X 30 ml,Rabanne,FRAG IMPORTADAS FEM,PUIG ARGENTINA SA (SELE),"180.000,00",
3349668630257,MILLION GOLD WOMAN EDP X 50 ml,Rabanne,FRAG IMPORTADAS FEM,PUIG ARGENTINA SA (SELE),"235.000,00",
3349668630264,MILLION GOLD WOMAN EDP X 90.ml,Rabanne,FRAG IMPORTADAS FEM,PUIG ARGENTINA SA (SELE),"280.000,00",
3349668644933,MILLION GOLD FOR MEN ELIXIR PARFUM INTENSE X 100 ml,Rabanne,FRAG IMPORTADAS FEM,PUIG ARGENTINA SA (SELE),"290.000,00",
3349668644957,MILLION GOLD FOR MEN ELIXIR PARFUM INTENSE X 50 ml,Rabanne,FRAG IMPORTADAS FEM,PUIG ARGENTINA SA (SELE),"245.000,00",
3137370357636,NINA EDT X 30 ml,Nina Ricci,FRAG IMPORTADAS FEM,PUIG ARGENTINA SA (SELE),"133.000,00",
3137370357667,NINA EDT X 50 ml,Nina Ricci,FRAG IMPORTADAS FEM,PUIG ARGENTINA SA (SELE),"170.000,00",
3137370357476,NINA EDT X 80 ml,Nina Ricci,FRAG IMPORTADAS FEM,PUIG ARGENTINA SA (SELE),"208.000,00",
3137370361343,NINA ILLUSION EDP X 30 ml,Nina Ricci,FRAG IMPORTADAS FEM,PUIG ARGENTINA SA (SELE),"134.500,00",
3137370361121,NINA ILLUSION EDP X 50 ml,Nina Ricci,FRAG IMPORTADAS FEM,PUIG ARGENTINA SA (SELE),"171.400,00",
3137370361336,NINA ILLUSION EDP X 80 ml,Nina Ricci,FRAG IMPORTADAS FEM,PUIG ARGENTINA SA (SELE),"210.300,00",
3137370359500,NINA LE PARFUM EDP X 30 ml,Nina Ricci,FRAG IMPORTADAS FEM,PUIG ARGENTINA SA (SELE),"120.500,00","108.450,00"
3137370359494,NINA LE PARFUM EDP X 80 ml,Nina Ricci,FRAG IMPORTADAS FEM,PUIG ARGENTINA SA (SELE),"187.800,00","159.630,00"
3137370364214,VENUS EDP INTENSO X 30 ml,Nina Ricci,FRAG IMPORTADAS FEM,PUIG ARGENTINA SA (SELE),"159.000,00",
3137370364207,VENUS EDP INTENSO X 50 ml,Nina Ricci,FRAG IMPORTADAS FEM,PUIG ARGENTINA SA (SELE),"204.000,00",
3137370364191,VENUS EDP INTENSO X 80 ml,Nina Ricci,FRAG IMPORTADAS FEM,PUIG ARGENTINA SA (SELE),"250.000,00",
3137370360933,VENUS EDP X 50 ml,Nina Ricci,FRAG IMPORTADAS FEM,PUIG ARGENTINA SA (SELE),"185.000,00",
3137370360926,VENUS EDP X 80 ml,Nina Ricci,FRAG IMPORTADAS FEM,PUIG ARGENTINA SA (SELE),"229.000,00",
3137370360940,VENUS EDP X 30 ml,Nina Ricci,FRAG IMPORTADAS FEM,PUIG ARGENTINA SA (SELE),"145.000,00",
3137370363125,NINA ROUGE CRUSH EDP X 30,Nina Ricci,FRAG IMPORTADAS FEM,PUIG ARGENTINA SA (SELE),"145.000,00",
3137370363149,NINA ROUGE CRUSH EDP X 50,Nina Ricci,FRAG IMPORTADAS FEM,PUIG ARGENTINA SA (SELE),"185.000,00",
3137370363156,NINA ROUGE CRUSH EDP X 80,Nina Ricci,FRAG IMPORTADAS FEM,PUIG ARGENTINA SA (SELE),"229.000,00",
3349668662937,OLYMPEA ELIXIR EDP INTENSE X 80 ml,Rabanne,FRAG IMPORTADAS FEM,PUIG ARGENTINA SA (SELE),"261.500,00",
3349668613427,OLYMPEA EDP X 30 ml,Rabanne,FRAG IMPORTADAS FEM,PUIG ARGENTINA SA (SELE),"169.000,00",
3349668568093,OLYMPEA EDP X 50 ml,Rabanne,FRAG IMPORTADAS FEM,PUIG ARGENTINA SA (SELE),"216.000,00",
3349668612635,OLYMPEA EDP X 80 ml,Rabanne,FRAG IMPORTADAS FEM,PUIG ARGENTINA SA (SELE),"265.000,00",
3349668627486,OLYMPEA PARFUM X 30 ml,Rabanne,FRAG IMPORTADAS FEM,PUIG ARGENTINA SA (SELE),"152.000,00",
3349668627462,OLYMPEA PARFUM X 50 ml,Rabanne,FRAG IMPORTADAS FEM,PUIG ARGENTINA SA (SELE),"195.000,00",
3349668627479,OLYMPEA PARFUM X 80 ml,Rabanne,FRAG IMPORTADAS FEM,PUIG ARGENTINA SA (SELE),"237.000,00",
3349668599424,OLYMPEA SOLAR EDP INTENSE X 30 ml,Rabanne,FRAG IMPORTADAS FEM,PUIG ARGENTINA SA (SELE),"116.600,00",
3349668599417,OLYMPEA SOLAR EDP INTENSE X 80 ml,Rabanne,FRAG IMPORTADAS FEM,PUIG ARGENTINA SA (SELE),"182.100,00","154.785,00"
3349668614455,OLYMPEA FLORA EDP INTENSE X 30 ml,Rabanne,FRAG IMPORTADAS FEM,PUIG ARGENTINA SA (SELE),"116.600,00",
3349668614462,OLYMPEA FLORA EDP INTENSE X 50 ml,Rabanne,FRAG IMPORTADAS FEM,PUIG ARGENTINA SA (SELE),"149.600,00",
3349668614479,OLYMPEA FLORA EDP INTENSE X 80 ml,Rabanne,FRAG IMPORTADAS FEM,PUIG ARGENTINA SA (SELE),"182.500,00","155.125,00"
3349668021345,PACO RABANNE POUR HOMME EDT X 100 ml,Rabanne,FRAG IMP HOMBRE,PUIG ARGENTINA SA (SELE),"185.000,00",
3349668630059,PHANTOM EDP INTENSE X 200 ml RECARGA,Rabanne,FRAG IMP HOMBRE,PUIG ARGENTINA SA (SELE),"238.500,00",
3349668630042,PHANTOM EDP INTENSE X 150 ml ,Rabanne,FRAG IMP HOMBRE,PUIG ARGENTINA SA (SELE),"475.600,00","285.360,00"
3349668630028,PHANTOM EDP INTENSE X 50 ml,Rabanne,FRAG IMP HOMBRE,PUIG ARGENTINA SA (SELE),"210.000,00",
3349668630035,PHANTOM EDP INTENSE X 100 ml,Rabanne,FRAG IMP HOMBRE,PUIG ARGENTINA SA (SELE),"245.000,00",
3349668582297,PHANTOM EDT X 100 ml,Rabanne,FRAG IMP HOMBRE,PUIG ARGENTINA SA (SELE),"230.000,00",
3349668596348,PHANTOM EDT X 150 ml,Rabanne,FRAG IMP HOMBRE,PUIG ARGENTINA SA (SELE),"440.600,00","264.360,00"
3349668596355,PHANTOM EDT X 200 ml  RECARGA,Rabanne,FRAG IMP HOMBRE,PUIG ARGENTINA SA (SELE),"221.000,00",
3349668582365,PHANTOM EDT X 50 ml,Rabanne,FRAG IMP HOMBRE,PUIG ARGENTINA SA (SELE),"195.000,00",
3349668644049,PHANTOM ELIXIR PARFUM X 100 ml,Rabanne,FRAG IMP HOMBRE,PUIG ARGENTINA SA (SELE),"265.000,00",
3349668644063,PHANTOM ELIXIR PARFUM X 50 ml,Rabanne,FRAG IMP HOMBRE,PUIG ARGENTINA SA (SELE),"225.000,00",
3349668661916,PHANTOM IN RED PARFUM ELIXIR X 50 ml,Rabanne,FRAG IMP HOMBRE,PUIG ARGENTINA SA (SELE),"195.000,00",
3349668623440,PHANTOM EDT X 100 ml + TUBO X 10 ml + DESODORANTE,Rabanne,FRAG IMP HOMBRE,PUIG ARGENTINA SA (SELE),"230.000,00",
3349668614615,PHANTOM PARFUM X 200 ml RECARGA,Rabanne,FRAG IMP HOMBRE,PUIG ARGENTINA SA (SELE),"243.000,00",
3349668614592,PHANTOM PARFUM X 100 ml,Rabanne,FRAG IMP HOMBRE,PUIG ARGENTINA SA (SELE),"253.000,00",
3349668666911,PHANTOM PARFUM X 100 + TUBO X 10 ml + DESODORANTE,Rabanne,FRAG IMP HOMBRE,PUIG ARGENTINA SA (SELE),"256.000,20",
3349668614608,PHANTOM PARFUM X 150 ml,Rabanne,FRAG IMP HOMBRE,PUIG ARGENTINA SA (SELE),"485.100,00","291.060,00"
3349668614585,PHANTOM PARFUM X 50 ml,Rabanne,FRAG IMP HOMBRE,PUIG ARGENTINA SA (SELE),"215.000,00",
3349668661640,PHANTOM IN RED PARFUM ELIXIR X 100 ml,Rabanne,FRAG IMP HOMBRE,PUIG ARGENTINA SA (SELE),"230.000,00",
3349668666829,INVICTUS EDT X 100 ml + DESODORANTE + TUBO X 10 ml,Rabanne,FRAG IMP HOMBRE,PUIG ARGENTINA SA (SELE),"235.000,00",
3349668666874,INVICTUS VICTORY ABSOLU X 100 ml + DESODORANTE + TUBO X 10 ml,Rabanne,FRAG IMP HOMBRE,PUIG ARGENTINA SA (SELE),"295.000,00",
8435415080385,SCANDAL ABSOLU POUR HOMME PARFUM X 100 ml,Jean Paul Gaultier,FRAG IMP HOMBRE,PUIG ARGENTINA SA (SELE),"296.500,00",
8435415080378,SCANDAL ABSOLU POUR HOMME PARFUM X 50 ml,Jean Paul Gaultier,FRAG IMP HOMBRE,PUIG ARGENTINA SA (SELE),"251.300,00",
8435415080392,SCANDAL ABSOLU POUR HOMME PARFUM X 150 ml,Jean Paul Gaultier,FRAG IMP HOMBRE,PUIG ARGENTINA SA (SELE),"577.400,00","346.440,00"
8435415080408,SCANDAL ABSOLU WOMAN PARFUM X 30 ml,Jean Paul Gaultier,FRAG IMPORTADAS FEM,PUIG ARGENTINA SA (SELE),"209.600,00",
8435415080415,SCANDAL ABSOLU WOMAN PARFUM X 50 ml,Jean Paul Gaultier,FRAG IMPORTADAS FEM,PUIG ARGENTINA SA (SELE),"268.000,00",
8435415080422,SCANDAL ABSOLU WOMAN PARFUM X 80 ml,Jean Paul Gaultier,FRAG IMPORTADAS FEM,PUIG ARGENTINA SA (SELE),"320.000,00",
8435415055956,SCANDAL POUR HOMME EDT X 200 ml RECARGA ,Jean Paul Gaultier,FRAG IMP HOMBRE,PUIG ARGENTINA SA (SELE),"232.000,00",
8435415030885,SCANDAL POUR HOMME EDT X 100 ml,Jean Paul Gaultier,FRAG IMP HOMBRE,PUIG ARGENTINA SA (SELE),"247.000,00",
8435415055963,SCANDAL POUR HOMME EDT X 150 ml,Jean Paul Gaultier,FRAG IMP HOMBRE,PUIG ARGENTINA SA (SELE),"480.900,00","288.540,00"
8435415030908,SCANDAL POUR HOMME EDT X 50 ml,Jean Paul Gaultier,FRAG IMP HOMBRE,PUIG ARGENTINA SA (SELE),"209.500,00",
8435415065191,SCANDAL POUR HOMME LE PARFUM X 100 ml,Jean Paul Gaultier,FRAG IMP HOMBRE,PUIG ARGENTINA SA (SELE),"271.500,00",
8435415064637,SCANDAL POUR HOMME LE PARFUM X 200 ml RECARGA,Jean Paul Gaultier,FRAG IMP HOMBRE,PUIG ARGENTINA SA (SELE),"223.600,00",
8435415065207,SCANDAL POUR HOMME LE PARFUM X 50 ml,Jean Paul Gaultier,FRAG IMP HOMBRE,PUIG ARGENTINA SA (SELE),"230.500,00",
8435415059060,SCANDALL WOMAN EDP X 80 ml,Jean Paul Gaultier,FRAG IMPORTADAS FEM,PUIG ARGENTINA SA (SELE),"272.200,00",
3349668576111,XS BLACK POUR HOMME EDT X 100 ml,Rabanne,FRAG IMP HOMBRE,PUIG ARGENTINA SA (SELE),"195.000,00",
3349668555062,XS BLACK WOMAN EDP X 80 ml,Rabanne,FRAG IMPORTADAS FEM,PUIG ARGENTINA SA (SELE),"205.000,00",
3349668545636,XS PURE WOMAN EDP X 80 ml,Rabanne,FRAG IMPORTADAS FEM,PUIG ARGENTINA SA (SELE),"205.000,00",